<?xml version="1.0"?>
<doc>
    <assembly>
        <name>AdvertisementApp.API</name>
    </assembly>
    <members>
        <member name="M:AdvertisementApp.API.Controllers.AdvertisementsController.GetAdvertisements">
            <summary>
            Get list of available advertisements.
            </summary>
            <returns>Advertisement collection</returns>
            <response code="200">Returns advertisements collection</response>
        </member>
        <member name="M:AdvertisementApp.API.Controllers.AdvertisementsController.GetAdvertisement(System.Int32)">
            <summary>
            Get advertisement by identifier.
            </summary>
            <param name="id">Advertisement identifier</param>
            <response code="200">Returns found advertisement</response>
            <response code="400">Bad request</response>
            <response code="404">No advertisement was found</response>
            <returns>Advertisement data</returns>
        </member>
        <member name="M:AdvertisementApp.API.Controllers.AdvertisementsController.CreateAdvertisement(AdvertisementApp.API.Models.AdvertisementCreationDto)">
            <summary>
            Create new advertisement.
            </summary>
            <param name="advertisement">Advertisement data</param>
            <response code="201">Returns created advertisement</response>
            <response code="400">Bad request</response>
            <response code="401">Unauthorized</response>
            /// <response code="500">Internal error</response>
            <returns>Newly created advertisement</returns>
        </member>
        <member name="M:AdvertisementApp.API.Controllers.AdvertisementsController.UpdateAdvertisement(System.Int32,AdvertisementApp.API.Models.AdvertisementUpdateDto)">
            <summary>
            Update existent advertisement.
            </summary>
            <param name="id">Advertisement identifier</param>
            <param name="advertisement">Advertisement data</param>
            <response code="204">Advertisement updated</response>
            <response code="400">Bad request</response>
            <response code="401">Unauthorized</response>
            <response code="404">Advertisement not found</response>
            <response code="500">Internal error</response>
            <returns>Update confirmation</returns>
        </member>
        <member name="M:AdvertisementApp.API.Controllers.AdvertisementsController.DeleteAdventisement(System.Int32)">
            <summary>
            Delete advertisement by identifier.
            </summary>
            <param name="id">Advertisement identifier</param>
            <response code="204">Advertisement deleted</response>
            <response code="400">Bad request</response>
            <response code="401">Unauthorized</response>
            <response code="404">No advertisement was found</response>
            <response code="500">Internal error</response>
            <returns>Delete result</returns>
        </member>
        <member name="M:AdvertisementApp.API.Controllers.AuthenticationController.AuthenticateUser(AdvertisementApp.API.Models.UserAuthenticationDto)">
            <summary>
            Authenticate user.
            </summary>
            <param name="authenticationData">User login and password</param>
            <response code="200">Returns authentication token</response>
            <response code="400">Unauthorized</response>
            /// <response code="500">Internal error</response>
            <returns>Authentication token</returns>
        </member>
        <member name="M:AdvertisementApp.API.Controllers.ProductsController.GetProducts">
            <summary>
            Get list of available products.
            </summary>
            <returns>Products collection</returns>
            <response code="200">Returns products collection</response>
        </member>
        <member name="M:AdvertisementApp.API.Controllers.ProductsController.GetProduct(System.Int32)">
            <summary>
            Get product by identifier.
            </summary>
            <param name="id">Product identifier</param>
            <response code="200">Returns found product</response>
            <response code="400">Bad request</response>
            <response code="404">No product was found</response>
            <returns>Product data</returns>
        </member>
        <member name="M:AdvertisementApp.API.Controllers.ProductsController.CreateProduct(AdvertisementApp.API.Models.ProductCreationDto)">
            <summary>
            Create new product.
            </summary>
            <param name="product">Product data</param>
            <response code="201">Returns created product</response>
            <response code="400">Bad request</response>
            <response code="401">Unauthorized</response>
            /// <response code="500">Internal error</response>
            <returns>Newly created product</returns>
        </member>
        <member name="M:AdvertisementApp.API.Controllers.ProductsController.UpdateProduct(System.Int32,AdvertisementApp.API.Models.ProductUpdateDto)">
            <summary>
            Update existent product.
            </summary>
            <param name="id">Product identifier</param>
            <param name="product">Product data</param>
            <response code="204">Product updated</response>
            <response code="400">Bad request</response>
            <response code="401">Unauthorized</response>
            <response code="404">Product not found</response>
            <response code="500">Internal error</response>
            <returns>Update confirmation</returns>
        </member>
        <member name="M:AdvertisementApp.API.Controllers.ProductsController.DeleteProduct(System.Int32)">
            <summary>
            Delete product by identifier.
            </summary>
            <param name="id">Product identifier</param>
            <response code="204">Product deleted</response>
            <response code="400">Bad request</response>
            <response code="401">Unauthorized</response>
            <response code="404">No product was found</response>
            <response code="500">Internal error</response>
            <returns>Delete result</returns>
        </member>
        <member name="M:AdvertisementApp.API.Controllers.RolesController.GetRoles">
            <summary>
            Get list of available roles.
            </summary>
            <response code="200">Returns roles collection</response>
            <response code="401">Unauthorized</response>
            <returns>Roles collection</returns>
        </member>
        <member name="M:AdvertisementApp.API.Controllers.UserRoleController.GetUserRole(System.Int32)">
            <summary>
            Get user role by identifier.
            </summary>
            <param name="id">User role identifier</param>
            <response code="200">Returns found user role</response>
            <response code="400">Bad request</response>
            <response code="404">No user role was found</response>
            <returns>User role data</returns>
        </member>
        <member name="M:AdvertisementApp.API.Controllers.UserRoleController.CreateUserRole(AdvertisementApp.API.Models.UserRoleCreationDto)">
            <summary>
            Create new user role.
            </summary>
            <param name="userRole">User role</param>
            <response code="201">Returns created user role</response>
            <response code="400">Bad request</response>
            <response code="401">Unauthorized</response>
            /// <response code="500">Internal error</response>
            <returns>Newly created user role</returns>
        </member>
        <member name="M:AdvertisementApp.API.Controllers.UsersController.GetUsers">
            <summary>
            Get list of available users.
            </summary>
            <returns>Users collection</returns>
            <response code="200">Returns users collection</response>
        </member>
        <member name="M:AdvertisementApp.API.Controllers.UsersController.GetUser(System.Int32)">
            <summary>
            Get user by identifier.
            </summary>
            <param name="id">User identifier</param>
            <response code="200">Returns found user</response>
            <response code="400">Bad request</response>
            <response code="404">No channel was found</response>
            <returns>User data</returns>
        </member>
        <member name="M:AdvertisementApp.API.Controllers.UsersController.CreateUser(AdvertisementApp.API.Models.UserCreationDto)">
            <summary>
            Create new user.
            </summary>
            <param name="user">User data</param>
            <response code="201">Returns created user</response>
            <response code="400">Bad request</response>
            <response code="401">Unauthorized</response>
            /// <response code="500">Internal error</response>
            <returns>Newly created user</returns>
        </member>
        <member name="M:AdvertisementApp.API.Controllers.UsersController.UpdateUser(System.Int32,AdvertisementApp.API.Models.UserUpdateDto)">
            <summary>
            Update existent user.
            </summary>
            <param name="id">User identifier</param>
            <param name="user">User data</param>
            <response code="204">User updated</response>
            <response code="400">Bad request</response>
            <response code="404">User not found</response>
            <response code="401">Unauthorized</response>
            <response code="500">Internal error</response>
            <returns>Update confirmation</returns>
        </member>
        <member name="M:AdvertisementApp.API.Controllers.UsersController.DeleteUser(System.Int32)">
            <summary>
            Delete user by identifier.
            </summary>
            <param name="id">User identifier</param>
            <response code="204">User deleted</response>
            <response code="400">Bad request</response>
            <response code="404">No user was found</response>
            <response code="500">Internal error</response>
            <returns>Delete result</returns>
        </member>
        <member name="T:AdvertisementApp.API.Services.IRepository`1">
            <summary>
            Database entity generic repository interface
            </summary>
            <typeparam name="DBEntity">Database entity type</typeparam>
        </member>
        <member name="M:AdvertisementApp.API.Services.IRepository`1.Get(System.Int32)">
            <summary>
            Get database entity by unique identifier
            </summary>
            <param name="id">Entity unique identifier</param>
            <returns>Database entity</returns>
        </member>
        <member name="M:AdvertisementApp.API.Services.IRepository`1.Find(System.Linq.Expressions.Expression{System.Func{`0,System.Boolean}})">
            <summary>
            Find database entity by predicates set
            </summary>
            <param name="predicate">Predicates set</param>
            <returns>Database entity</returns>
        </member>
        <member name="M:AdvertisementApp.API.Services.IRepository`1.GetAll">
            <summary>
            Get all avaialable database entitites
            </summary>
            <returns>Database entities</returns>
        </member>
        <member name="T:AdvertisementApp.API.Services.RepositoryBase`1">
            <summary>
            Repository base implementation
            </summary>
            <typeparam name="DbEntity">Database entity class</typeparam>
        </member>
        <member name="P:AdvertisementApp.API.Services.RepositoryBase`1.Context">
            <summary>
            Gets database context
            </summary>
        </member>
        <member name="M:AdvertisementApp.API.Services.RepositoryBase`1.#ctor(AdvertisementApp.API.Entities.AdvertisementContext)">
            <summary>
            Initializes a new instance of the <see cref="T:AdvertisementApp.API.Services.RepositoryBase`1"/> class
            </summary>
            <param name="context">Database context</param>
        </member>
        <member name="M:AdvertisementApp.API.Services.RepositoryBase`1.Find(System.Linq.Expressions.Expression{System.Func{`0,System.Boolean}})">
            <inheritdoc/>
        </member>
        <member name="M:AdvertisementApp.API.Services.RepositoryBase`1.Get(System.Int32)">
            <inheritdoc/>
        </member>
        <member name="M:AdvertisementApp.API.Services.RepositoryBase`1.GetAll">
            <inheritdoc/>
        </member>
        <member name="M:channelApp.API.Controllers.ChannelsController.GetChannels">
            <summary>
            Get list of available channels.
            </summary>
            <returns>Channels collection</returns>
            <response code="200">Returns channels collection</response>
        </member>
        <member name="M:channelApp.API.Controllers.ChannelsController.GetChannel(System.Int32)">
            <summary>
            Get channel by identifier.
            </summary>
            <param name="id">Channel identifier</param>
            <response code="200">Returns found channel</response>
            <response code="400">Bad request</response>
            <response code="404">No channel was found</response>
            <returns>Channel data</returns>
        </member>
        <member name="M:channelApp.API.Controllers.ChannelsController.CreateChannel(AdvertisementApp.API.Models.ChannelCreationDto)">
            <summary>
            Create new channel.
            </summary>
            <param name="channel">Channel data</param>
            <response code="201">Returns created channel</response>
            <response code="400">Bad request</response>
            <response code="401">Unauthorized</response>
            /// <response code="500">Internal error</response>
            <returns>Newly created channel</returns>
        </member>
        <member name="M:channelApp.API.Controllers.ChannelsController.UpdateChannel(System.Int32,AdvertisementApp.API.Models.ChannelUpdateDto)">
            <summary>
            Update existent channel.
            </summary>
            <param name="id">Channel identifier</param>
            <param name="channel">Channel data</param>
            <response code="204">Channel updated</response>
            <response code="400">Bad request</response>
            <response code="401">Unauthorized</response>
            <response code="404">Channel not found</response>
            <response code="500">Internal error</response>
            <returns>Update confirmation</returns>
        </member>
        <member name="M:channelApp.API.Controllers.ChannelsController.DeleteChannel(System.Int32)">
            <summary>
            Delete channel by identifier.
            </summary>
            <param name="id">Channel identifier</param>
            <response code="204">Channel deleted</response>
            <response code="400">Bad request</response>
            <response code="404">No channel was found</response>
            <response code="500">Internal error</response>
            <returns>Delete result</returns>
        </member>
    </members>
</doc>
